ESN,Protocol,Band,System Date,System Time,GPS Status,UTC Date,UTC Time,Fix Time,Latitude,Longitude,Altitude,Number of Satellites,Velocity,Absolute Time Stamp Date,Absolute Time Stamp Time,Loop Count,Antenna Gain,Cable Loss,SSB RSSI,Adjusted SSB RSSI,SSB RSSI2,Adjusted SSB RSSI2,Cell ID,Channel Frequency,Repetition Period,Subcarrier Spacing,Repetition Pattern,PCIs,Beams,Beam Index,Half Frame Number,Time Offset,PSS_RP,Adjusted PSS_RP,PSS_RQ,PSS_CINR,SSS_RP,Adjusted SSS_RP,SSS_RQ,SSS_CINR,SSS_DELAY_SPREAD,SS_CINR,RSPBCH_RP,Adjusted RSPBCH_RP,RSPBCH_RQ,RSPBCH_CINR,SSB_RP,Adjusted SSB_RP,SSB_RQ,SSB_CINR,MIB Raw,SIB1 Raw,MCC,MNC,Operation Mode,Bandwidth,fCarrier,TAC,Cell Identity,RedCap,TD Pattern,TD Pattern(Full),SIB1 DECODE Raw,Block Length,k_SSB,AL,Candidate,DCI type,DCI length,DCI Contents
32409007,C00F,25,07/07/2026,14:02:05:200,2,00/00/0000,00:00:00:000,,38.903461,-77.007583,0.00,0,0.00,,,8,0,0,-101.9,-101.9,,,,,,,,0,0,,,,,,,,,,,,,,,,,,,
32409007,C00F,25,07/07/2026,14:02:05:200,2,00/00/0000,00:00:00:000,,38.903487,-77.007548,0.00,0,0.00,,,9,0,0,-102.1,-102.1,,,,,,,,0,0,,,,,,,,,,,,,,,,,,,
32409007,C00F,25,07/07/2026,14:02:05:200,2,00/00/0000,00:00:00:000,,38.903514,-77.007512,0.00,0,0.00,,,10,0,0,-101.9,-101.9,,,,,,,,0,0,,,,,,,,,,,,,,,,,,,
32409007,C00F,25,07/07/2026,14:02:05:200,2,00/00/0000,00:00:00:000,,38.903540,-77.007476,0.00,0,0.00,,,11,0,0,-102.3,-102.3,,,,,,,,0,0,,,,,,,,,,,,,,,,,,,
32409007,C00F,25,07/07/2026,14:03:21:312,2,00/00/0000,00:00:00:000,,38.903566,-77.007441,0.00,0,0.00,,,12,0,0,-101.5,-101.5,,,,,,,,0,0,,,,,,,,,,,,,,,,,,,
32409007,C00F,25,07/07/2026,14:03:21:312,2,00/00/0000,00:00:00:000,,38.903593,-77.007405,0.00,0,0.00,,,13,0,0,-102.5,-102.5,,,,,,,,0,0,,,,,,,,,,,,,,,,,,,
32409007,C00F,25,07/07/2026,14:03:21:312,2,00/00/0000,00:00:00:000,,38.903619,-77.007369,0.00,0,0.00,,,14,0,0,-102.3,-102.3,,,,,,,,0,0,,,,,,,,,,,,,,,,,,,
32409007,C00F,25,07/07/2026,14:03:21:312,2,00/00/0000,00:00:00:000,,38.903646,-77.007333,0.00,0,0.00,,,15,0,0,-102.4,-102.4,,,,,,,,0,0,,,,,,,,,,,,,,,,,,,
32409007,C00F,25,07/07/2026,14:04:43:326,2,00/00/0000,00:00:00:000,,38.903672,-77.007298,0.00,0,0.00,,,16,0,0,-100.1,-100.1,,,,,,,,0,0,,,,,,,,,,,,,,,,,,,
32409007,C00F,25,07/07/2026,14:04:43:326,2,00/00/0000,00:00:00:000,,38.903699,-77.007262,0.00,0,0.00,,,17,0,0,-99.8,-99.8,,,,,,,,0,0,,,,,,,,,,,,,,,,,,,
32409007,C00F,25,07/07/2026,14:04:43:326,2,00/00/0000,00:00:00:000,,38.903725,-77.007226,0.00,0,0.00,,,18,0,0,-101.5,-101.5,,,,,,,,0,0,,,,,,,,,,,,,,,,,,,
32409007,C00F,25,07/07/2026,14:04:43:327,2,00/00/0000,00:00:00:000,,38.903751,-77.007190,0.00,0,0.00,,,19,0,0,-100.6,-100.6,,,,,,,,0,0,,,,,,,,,,,,,,,,,,,
32409007,C00F,25,07/07/2026,14:06:00:248,2,00/00/0000,00:00:00:000,,38.903778,-77.007155,0.00,0,0.00,,,20,0,0,-100.8,-100.8,,,,,,,,0,0,,,,,,,,,,,,,,,,,,,
32409007,C00F,25,07/07/2026,14:06:00:249,2,00/00/0000,00:00:00:000,,38.903804,-77.007119,0.00,0,0.00,,,21,0,0,-102.5,-102.5,,,,,,,,0,0,,,,,,,,,,,,,,,,,,,
32409007,C00F,25,07/07/2026,14:06:00:249,2,00/00/0000,00:00:00:000,,38.903831,-77.007083,0.00,0,0.00,,,22,0,0,-101.5,-101.5,,,,,,,,0,0,,,,,,,,,,,,,,,,,,,
32409007,C00F,25,07/07/2026,14:06:00:249,2,00/00/0000,00:00:00:000,,38.903857,-77.007048,0.00,0,0.00,,,23,0,0,-101.8,-101.8,,,,,,,,0,0,,,,,,,,,,,,,,,,,,,
32409007,C00F,25,07/07/2026,14:07:25:345,2,00/00/0000,00:00:00:000,,38.903883,-77.007012,0.00,0,0.00,,,24,0,0,-95,-95,,,,,,,,0,0,,,,,,,,,,,,,,,,,,,
32409007,C00F,25,07/07/2026,14:07:25:345,2,00/00/0000,00:00:00:000,,38.904036,-77.006801,0.00,0,0.00,,,25,0,0,-93.8,-93.8,,,,,,,,0,0,,,,,,,,,,,,,,,,,,,
32409007,C00F,25,07/07/2026,14:07:25:345,2,00/00/0000,00:00:00:000,,38.904189,-77.006591,0.00,0,0.00,,,26,0,0,-96.9,-96.9,,,,,,,,0,0,,,,,,,,,,,,,,,,,,,
32409007,C00F,25,07/07/2026,14:07:25:345,2,00/00/0000,00:00:00:000,,38.904342,-77.006380,0.00,0,0.00,,,27,0,0,-98.3,-98.3,,,,,,,,0,0,,,,,,,,,,,,,,,,,,,
32409007,C00F,25,07/07/2026,14:08:56:408,2,00/00/0000,00:00:00:000,,38.904355,-77.006319,0.00,0,0.00,,,28,0,0,-86.5,-86.5,,,,,,,,0,0,,,,,,,,,,,,,,,,,,,
32409007,C00F,25,07/07/2026,14:08:56:408,2,00/00/0000,00:00:00:000,,38.904220,-77.006506,0.00,0,0.00,,,29,0,0,-94.5,-94.5,,,,,,,,0,0,,,,,,,,,,,,,,,,,,,
32409007,C00F,25,07/07/2026,14:08:56:408,2,00/00/0000,00:00:00:000,,38.904086,-77.006693,0.00,0,0.00,,,30,0,0,-91.3,-91.3,,,,,,,,0,0,,,,,,,,,,,,,,,,,,,
32409007,C00F,25,07/07/2026,14:08:56:408,2,00/00/0000,00:00:00:000,,38.903951,-77.006880,0.00,0,0.00,,,31,0,0,-90.5,-90.5,,,,,,,,0,0,,,,,,,,,,,,,,,,,,,
32409007,C00F,25,07/07/2026,14:10:23:040,2,00/00/0000,00:00:00:000,,38.903884,-77.007010,0.00,0,0.00,,,32,0,0,-97.5,-97.5,,,,,,,,0,0,,,,,,,,,,,,,,,,,,,
32409007,C00F,25,07/07/2026,14:10:23:040,2,00/00/0000,00:00:00:000,,38.903919,-77.006973,0.00,0,0.00,,,33,0,0,-97,-97,,,,,,,,0,0,,,,,,,,,,,,,,,,,,,
32409007,C00F,25,07/07/2026,14:10:23:040,2,00/00/0000,00:00:00:000,,38.903954,-77.006935,0.00,0,0.00,,,34,0,0,-94.7,-94.7,,,,,,,,0,0,,,,,,,,,,,,,,,,,,,
32409007,C00F,25,07/07/2026,14:10:23:040,2,00/00/0000,00:00:00:000,,38.903989,-77.006898,0.00,0,0.00,,,35,0,0,-97.6,-97.6,,,,,,,,0,0,,,,,,,,,,,,,,,,,,,
32409007,C00F,25,07/07/2026,14:11:56:905,2,00/00/0000,00:00:00:000,,38.904472,-77.006287,0.00,0,0.00,,,36,0,0,-99.9,-99.9,,,,,,,,0,0,,,,,,,,,,,,,,,,,,,
32409007,C00F,25,07/07/2026,14:11:56:906,2,00/00/0000,00:00:00:000,,38.904396,-77.006393,0.00,0,0.00,,,37,0,0,-100.2,-100.2,,,,,,,,0,0,,,,,,,,,,,,,,,,,,,
32409007,C00F,25,07/07/2026,14:11:56:906,2,00/00/0000,00:00:00:000,,38.904319,-77.006499,0.00,0,0.00,,,38,0,0,-98.5,-98.5,,,,,,,,0,0,,,,,,,,,,,,,,,,,,,
32409007,C00F,25,07/07/2026,14:11:56:906,2,00/00/0000,00:00:00:000,,38.904243,-77.006605,0.00,0,0.00,,,39,0,0,-97.8,-97.8,,,,,,,,0,0,,,,,,,,,,,,,,,,,,,
32409007,C00F,25,07/07/2026,14:13:27:836,2,00/00/0000,00:00:00:000,,38.904166,-77.006710,0.00,0,0.00,,,40,0,0,-91.4,-91.4,,,,,,,,0,0,,,,,,,,,,,,,,,,,,,
32409007,C00F,25,07/07/2026,14:13:27:836,2,00/00/0000,00:00:00:000,,38.904323,-77.006495,0.00,0,0.00,,,41,0,0,-93.9,-93.9,,,,,,,,0,0,,,,,,,,,,,,,,,,,,,
32409007,C00F,25,07/07/2026,14:13:27:837,2,00/00/0000,00:00:00:000,,38.904480,-77.006279,0.00,0,0.00,,,42,0,0,-93.6,-93.6,,,,,,,,0,0,,,,,,,,,,,,,,,,,,,
32409007,C00F,25,07/07/2026,14:13:27:837,2,00/00/0000,00:00:00:000,,38.904637,-77.006063,0.00,0,0.00,,,43,0,0,-95.7,-95.7,,,,,,,,0,0,,,,,,,,,,,,,,,,,,,
32409007,C00F,25,07/07/2026,14:15:06:007,2,00/00/0000,00:00:00:000,,38.904948,-77.005678,0.00,0,0.00,,,44,0,0,-98.8,-98.8,,,,,,,,0,0,,,,,,,,,,,,,,,,,,,
32409007,C00F,25,07/07/2026,14:15:06:007,2,00/00/0000,00:00:00:000,,38.904797,-77.005887,0.00,0,0.00,,,45,0,0,-97.8,-97.8,,,,,,,,0,0,,,,,,,,,,,,,,,,,,,
32409007,C00F,25,07/07/2026,14:15:06:007,2,00/00/0000,00:00:00:000,,38.904646,-77.006096,0.00,0,0.00,,,46,0,0,-98.8,-98.8,,,,,,,,0,0,,,,,,,,,,,,,,,,,,,
32409007,C00F,25,07/07/2026,14:15:06:007,2,00/00/0000,00:00:00:000,,38.904494,-77.006304,0.00,0,0.00,,,47,0,0,-93.1,-93.1,,,,,,,,0,0,,,,,,,,,,,,,,,,,,,
32409007,C00F,25,07/07/2026,14:16:41:820,2,00/00/0000,00:00:00:000,,38.904343,-77.006513,0.00,0,0.00,,,48,0,0,-96.3,-96.3,,,,,,,,0,0,,,,,,,,,,,,,,,,,,,
32409007,C00F,25,07/07/2026,14:16:41:820,2,00/00/0000,00:00:00:000,,38.904378,-77.006476,0.00,0,0.00,,,49,0,0,-90.5,-90.5,,,,,,,,0,0,,,,,,,,,,,,,,,,,,,
32409007,C00F,25,07/07/2026,14:16:41:820,2,00/00/0000,00:00:00:000,,38.904413,-77.006438,0.00,0,0.00,,,50,0,0,-92.6,-92.6,,,,,,,,0,0,,,,,,,,,,,,,,,,,,,
32409007,C00F,25,07/07/2026,14:16:41:820,2,00/00/0000,00:00:00:000,,38.904448,-77.006401,0.00,0,0.00,,,51,0,0,-92.4,-92.4,,,,,,,,0,0,,,,,,,,,,,,,,,,,,,
32409007,C00F,25,07/07/2026,14:18:18:649,2,00/00/0000,00:00:00:000,,38.905081,-77.005540,0.00,0,0.00,,,52,0,0,-97.1,-97.1,,,,,,,,0,0,,,,,,,,,,,,,,,,,,,
32409007,C00F,25,07/07/2026,14:18:18:649,2,00/00/0000,00:00:00:000,,38.905116,-77.005503,0.00,0,0.00,,,53,0,0,-97.5,-97.5,,,,,,,,0,0,,,,,,,,,,,,,,,,,,,
32409007,C00F,25,07/07/2026,14:18:18:649,2,00/00/0000,00:00:00:000,,38.905150,-77.005466,0.00,0,0.00,,,54,0,0,-100.5,-100.5,,,,,,,,0,0,,,,,,,,,,,,,,,,,,,
32409007,C00F,25,07/07/2026,14:18:18:649,2,00/00/0000,00:00:00:000,,38.905185,-77.005429,0.00,0,0.00,,,55,0,0,-97.4,-97.4,,,,,,,,0,0,,,,,,,,,,,,,,,,,,,
32409007,C00F,25,07/07/2026,14:19:58:178,2,00/00/0000,00:00:00:000,,38.905220,-77.005392,0.00,0,0.00,,,56,0,0,-95.6,-95.6,,,,,,,,0,0,,,,,,,,,,,,,,,,,,,
32409007,C00F,25,07/07/2026,14:19:58:178,2,00/00/0000,00:00:00:000,,38.905096,-77.005571,0.00,0,0.00,,,57,0,0,-96.5,-96.5,,,,,,,,0,0,,,,,,,,,,,,,,,,,,,
32409007,C00F,25,07/07/2026,14:19:58:178,2,00/00/0000,00:00:00:000,,38.904973,-77.005751,0.00,0,0.00,,,58,0,0,-89.8,-89.8,,,,,,,,0,0,,,,,,,,,,,,,,,,,,,
32409007,C00F,25,07/07/2026,14:19:58:178,2,00/00/0000,00:00:00:000,,38.904849,-77.005930,0.00,0,0.00,,,59,0,0,-84,-84,,,,,,,,0,0,,,,,,,,,,,,,,,,,,,
32409007,C00F,25,07/07/2026,14:21:44:359,2,00/00/0000,00:00:00:000,,38.904368,-77.006567,0.00,0,0.00,,,60,0,0,-67.1,-67.1,,,,,,,,0,0,,,,,,,,,,,,,,,,,,,
32409007,C00F,25,07/07/2026,14:23:24:421,2,00/00/0000,00:00:00:000,,38.903919,-77.007210,0.00,0,0.00,,,61,0,0,-92.9,-92.9,,,,,,,,0,0,,,,,,,,,,,,,,,,,,,
32409007,C00F,25,07/07/2026,14:23:24:421,2,00/00/0000,00:00:00:000,,38.903828,-77.007329,0.00,0,0.00,,,62,0,0,-89,-89,,,,,,,,0,0,,,,,,,,,,,,,,,,,,,
32409007,C00F,25,07/07/2026,14:23:24:421,2,00/00/0000,00:00:00:000,,38.903737,-77.007448,0.00,0,0.00,,,63,0,0,-91.8,-91.8,,,,,,,,0,0,,,,,,,,,,,,,,,,,,,
32409007,C00F,25,07/07/2026,14:23:24:422,2,00/00/0000,00:00:00:000,,38.903645,-77.007567,0.00,0,0.00,,,64,0,0,-92,-92,,,,,,,,0,0,,,,,,,,,,,,,,,,,,,
32409007,C00F,25,07/07/2026,14:25:06:696,2,00/00/0000,00:00:00:000,,38.903450,-77.007787,0.00,0,0.00,,,65,0,0,-72.1,-72.1,,,,,,,,0,0,,,,,,,,,,,,,,,,,,,
32409007,C00F,25,07/07/2026,14:25:06:696,2,00/00/0000,00:00:00:000,,38.903590,-77.007593,0.00,0,0.00,,,66,0,0,-73.2,-73.2,,,,,,,,0,0,,,,,,,,,,,,,,,,,,,
32409007,C00F,25,07/07/2026,14:25:06:696,2,00/00/0000,00:00:00:000,,38.903731,-77.007400,0.00,0,0.00,,,67,0,0,-71.3,-71.3,,,,,,,,0,0,,,,,,,,,,,,,,,,,,,
32409007,C00F,25,07/07/2026,14:25:06:696,2,00/00/0000,00:00:00:000,,38.903872,-77.007206,0.00,0,0.00,,,68,0,0,-76.4,-76.4,,,,,,,,0,0,,,,,,,,,,,,,,,,,,,
32409007,C00F,25,07/07/2026,14:26:39:725,2,00/00/0000,00:00:00:000,,38.904012,-77.007012,0.00,0,0.00,,,69,0,0,-86.7,-86.7,,,,,,,,0,0,,,,,,,,,,,,,,,,,,,
32409007,C00F,25,07/07/2026,14:26:39:726,2,00/00/0000,00:00:00:000,,38.903943,-77.007086,0.00,0,0.00,,,70,0,0,-82.8,-82.8,,,,,,,,0,0,,,,,,,,,,,,,,,,,,,
32409007,C00F,25,07/07/2026,14:26:39:726,2,00/00/0000,00:00:00:000,,38.903873,-77.007160,0.00,0,0.00,,,71,0,0,-86.4,-86.4,,,,,,,,0,0,,,,,,,,,,,,,,,,,,,
32409007,C00F,25,07/07/2026,14:26:39:726,2,00/00/0000,00:00:00:000,,38.903803,-77.007233,0.00,0,0.00,,,72,0,0,-83,-83,,,,,,,,0,0,,,,,,,,,,,,,,,,,,,
32409007,C00F,25,07/07/2026,14:28:19:788,2,00/00/0000,00:00:00:000,,38.903389,-77.007795,0.00,0,0.00,,,73,0,0,-101.4,-101.4,,,,,,,,0,0,,,,,,,,,,,,,,,,,,,
32409007,C00F,25,07/07/2026,14:28:19:788,2,00/00/0000,00:00:00:000,,38.903342,-77.007860,0.00,0,0.00,,,74,0,0,-99.1,-99.1,,,,,,,,0,0,,,,,,,,,,,,,,,,,,,
32409007,C00F,25,07/07/2026,14:28:19:788,2,00/00/0000,00:00:00:000,,38.903295,-77.007926,0.00,0,0.00,,,75,0,0,-100.2,-100.2,,,,,,,,0,0,,,,,,,,,,,,,,,,,,,
32409007,C00F,25,07/07/2026,14:28:19:788,2,00/00/0000,00:00:00:000,,38.903249,-77.007991,0.00,0,0.00,,,76,0,0,-101.3,-101.3,,,,,,,,0,0,,,,,,,,,,,,,,,,,,,
32409007,C00F,25,07/07/2026,14:30:01:106,2,00/00/0000,00:00:00:000,,38.902984,-77.008303,0.00,0,0.00,,,77,0,0,-96.6,-96.6,,,,,,,,0,0,,,,,,,,,,,,,,,,,,,
32409007,C00F,25,07/07/2026,14:30:01:106,2,00/00/0000,00:00:00:000,,38.903039,-77.008228,0.00,0,0.00,,,78,0,0,-97.5,-97.5,,,,,,,,0,0,,,,,,,,,,,,,,,,,,,
32409007,C00F,25,07/07/2026,14:30:01:106,2,00/00/0000,00:00:00:000,,38.903093,-77.008153,0.00,0,0.00,,,79,0,0,-95.9,-95.9,,,,,,,,0,0,,,,,,,,,,,,,,,,,,,
32409007,C00F,25,07/07/2026,14:30:01:107,2,00/00/0000,00:00:00:000,,38.903148,-77.008078,0.00,0,0.00,,,80,0,0,-95.1,-95.1,,,,,,,,0,0,,,,,,,,,,,,,,,,,,,
32409007,C00F,25,07/07/2026,14:31:38:857,2,00/00/0000,00:00:00:000,,38.903202,-77.008003,0.00,0,0.00,,,81,0,0,-99.8,-99.8,,,,,,,,0,0,,,,,,,,,,,,,,,,,,,
32409007,C00F,25,07/07/2026,14:31:38:857,2,00/00/0000,00:00:00:000,,38.903253,-77.007945,0.00,0,0.00,,,82,0,0,-99.7,-99.7,,,,,,,,0,0,,,,,,,,,,,,,,,,,,,
32409007,C00F,25,07/07/2026,14:31:38:857,2,00/00/0000,00:00:00:000,,38.903304,-77.007887,0.00,0,0.00,,,83,0,0,-100.2,-100.2,,,,,,,,0,0,,,,,,,,,,,,,,,,,,,
32409007,C00F,25,07/07/2026,14:31:38:857,2,00/00/0000,00:00:00:000,,38.903355,-77.007828,0.00,0,0.00,,,84,0,0,-100.8,-100.8,,,,,,,,0,0,,,,,,,,,,,,,,,,,,,
32409007,C00F,25,07/07/2026,14:33:14:411,2,00/00/0000,00:00:00:000,,38.903683,-77.007368,0.00,0,0.00,,,85,0,0,-91.3,-91.3,,,,,,,,0,0,,,,,,,,,,,,,,,,,,,
32409007,C00F,25,07/07/2026,14:33:14:411,2,00/00/0000,00:00:00:000,,38.903653,-77.007401,0.00,0,0.00,,,86,0,0,-93.7,-93.7,,,,,,,,0,0,,,,,,,,,,,,,,,,,,,
32409007,C00F,25,07/07/2026,14:33:14:411,2,00/00/0000,00:00:00:000,,38.903622,-77.007434,0.00,0,0.00,,,87,0,0,-94.2,-94.2,,,,,,,,0,0,,,,,,,,,,,,,,,,,,,
32409007,C00F,25,07/07/2026,14:33:14:411,2,00/00/0000,00:00:00:000,,38.903591,-77.007467,0.00,0,0.00,,,88,0,0,-92.4,-92.4,,,,,,,,0,0,,,,,,,,,,,,,,,,,,,
32409007,C00F,25,07/07/2026,14:34:49:895,2,00/00/0000,00:00:00:000,,38.903561,-77.007499,0.00,0,0.00,,,89,0,0,-98.8,-98.8,,,,,,,,0,0,,,,,,,,,,,,,,,,,,,
32409007,C00F,25,07/07/2026,14:34:49:895,2,00/00/0000,00:00:00:000,,38.903493,-77.007592,0.00,0,0.00,,,90,0,0,-100.8,-100.8,,,,,,,,0,0,,,,,,,,,,,,,,,,,,,
32409007,C00F,25,07/07/2026,14:34:49:895,2,00/00/0000,00:00:00:000,,38.903426,-77.007685,0.00,0,0.00,,,91,0,0,-101,-101,,,,,,,,0,0,,,,,,,,,,,,,,,,,,,
32409007,C00F,25,07/07/2026,14:34:49:895,2,00/00/0000,00:00:00:000,,38.903358,-77.007778,0.00,0,0.00,,,92,0,0,-100.9,-100.9,,,,,,,,0,0,,,,,,,,,,,,,,,,,,,
32409007,C00F,25,07/07/2026,14:36:19:376,2,00/00/0000,00:00:00:000,,38.903168,-77.007997,0.00,0,0.00,,,93,0,0,-97.8,-97.8,,,,,,,,0,0,,,,,,,,,,,,,,,,,,,
32409007,C00F,25,07/07/2026,14:36:19:376,2,00/00/0000,00:00:00:000,,38.903240,-77.007900,0.00,0,0.00,,,94,0,0,-98.7,-98.7,,,,,,,,0,0,,,,,,,,,,,,,,,,,,,
32409007,C00F,25,07/07/2026,14:36:19:377,2,00/00/0000,00:00:00:000,,38.903311,-77.007802,0.00,0,0.00,,,95,0,0,-95.5,-95.5,,,,,,,,0,0,,,,,,,,,,,,,,,,,,,
32409007,C00F,25,07/07/2026,14:36:19:377,2,00/00/0000,00:00:00:000,,38.903382,-77.007704,0.00,0,0.00,,,96,0,0,-101.3,-101.3,,,,,,,,0,0,,,,,,,,,,,,,,,,,,,
32409007,C00F,25,07/07/2026,14:37:44:209,2,00/00/0000,00:00:00:000,,38.903454,-77.007606,0.00,0,0.00,,,97,0,0,-90.2,-90.2,,,,,,,,0,0,,,,,,,,,,,,,,,,,,,
32409007,C00F,25,07/07/2026,14:37:44:209,2,00/00/0000,00:00:00:000,,38.903594,-77.007435,0.00,0,0.00,,,98,0,0,-87.9,-87.9,,,,,,,,0,0,,,,,,,,,,,,,,,,,,,
32409007,C00F,25,07/07/2026,14:37:44:209,2,00/00/0000,00:00:00:000,,38.903733,-77.007263,0.00,0,0.00,,,99,0,0,-86.6,-86.6,,,,,,,,0,0,,,,,,,,,,,,,,,,,,,
32409007,C00F,25,07/07/2026,14:37:44:209,2,00/00/0000,00:00:00:000,,38.903873,-77.007092,0.00,0,0.00,,,100,0,0,-89.7,-89.7,,,,,,,,0,0,,,,,,,,,,,,,,,,,,,
32409007,C00F,25,07/07/2026,14:39:15:619,2,00/00/0000,00:00:00:000,,38.904166,-77.006708,0.00,0,0.00,,,101,0,0,-99.7,-99.7,,,,,,,,0,0,,,,,,,,,,,,,,,,,,,
32409007,C00F,25,07/07/2026,14:39:15:620,2,00/00/0000,00:00:00:000,,38.904074,-77.006811,0.00,0,0.00,,,102,0,0,-101.5,-101.5,,,,,,,,0,0,,,,,,,,,,,,,,,,,,,
32409007,C00F,25,07/07/2026,14:39:15:620,2,00/00/0000,00:00:00:000,,38.903982,-77.006915,0.00,0,0.00,,,103,0,0,-101.7,-101.7,,,,,,,,0,0,,,,,,,,,,,,,,,,,,,
32409007,C00F,25,07/07/2026,14:39:15:620,2,00/00/0000,00:00:00:000,,38.903890,-77.007018,0.00,0,0.00,,,104,0,0,-101.8,-101.8,,,,,,,,0,0,,,,,,,,,,,,,,,,,,,
32409007,C00F,25,07/07/2026,14:40:37:671,2,00/00/0000,00:00:00:000,,38.903798,-77.007121,0.00,0,0.00,,,105,0,0,-69.2,-69.2,,,,,,,,0,0,,,,,,,,,,,,,,,,,,,
32409007,C00F,25,07/07/2026,14:42:02:936,2,00/00/0000,00:00:00:000,,38.903785,-77.007139,0.00,0,0.00,,,106,0,0,-98.4,-98.4,,,,,,,,0,0,,,,,,,,,,,,,,,,,,,
32409007,C00F,25,07/07/2026,14:42:02:937,2,00/00/0000,00:00:00:000,,38.903772,-77.007156,0.00,0,0.00,,,107,0,0,-96.7,-96.7,,,,,,,,0,0,,,,,,,,,,,,,,,,,,,
32409007,C00F,25,07/07/2026,14:42:02:937,2,00/00/0000,00:00:00:000,,38.903758,-77.007174,0.00,0,0.00,,,108,0,0,-97.5,-97.5,,,,,,,,0,0,,,,,,,,,,,,,,,,,,,
32409007,C00F,25,07/07/2026,14:42:02:937,2,00/00/0000,00:00:00:000,,38.903745,-77.007191,0.00,0,0.00,,,109,0,0,-99,-99,,,,,,,,0,0,,,,,,,,,,,,,,,,,,,
32409007,C00F,25,07/07/2026,14:43:21:264,2,00/00/0000,00:00:00:000,,38.903732,-77.007209,0.00,0,0.00,,,110,0,0,-94.3,-94.3,,,,,,,,0,0,,,,,,,,,,,,,,,,,,,
32409007,C00F,25,07/07/2026,14:43:21:264,2,00/00/0000,00:00:00:000,,38.903719,-77.007226,0.00,0,0.00,,,111,0,0,-93.6,-93.6,,,,,,,,0,0,,,,,,,,,,,,,,,,,,,
32409007,C00F,25,07/07/2026,14:43:21:264,2,00/00/0000,00:00:00:000,,38.903705,-77.007244,0.00,0,0.00,,,112,0,0,-92.7,-92.7,,,,,,,,0,0,,,,,,,,,,,,,,,,,,,
32409007,C00F,25,07/07/2026,14:43:21:264,2,00/00/0000,00:00:00:000,,38.903692,-77.007261,0.00,0,0.00,,,113,0,0,-93.3,-93.3,,,,,,,,0,0,,,,,,,,,,,,,,,,,,,
32409007,C00F,25,07/07/2026,14:44:49:670,2,00/00/0000,00:00:00:000,,38.903679,-77.007279,0.00,0,0.00,,,114,0,0,-94.2,-94.2,,,,,,,,0,0,,,,,,,,,,,,,,,,,,,
32409007,C00F,25,07/07/2026,14:44:49:670,2,00/00/0000,00:00:00:000,,38.903666,-77.007296,0.00,0,0.00,,,115,0,0,-93.3,-93.3,,,,,,,,0,0,,,,,,,,,,,,,,,,,,,
32409007,C00F,25,07/07/2026,14:44:49:670,2,00/00/0000,00:00:00:000,,38.903652,-77.007313,0.00,0,0.00,,,116,0,0,-97.8,-97.8,,,,,,,,0,0,,,,,,,,,,,,,,,,,,,
32409007,C00F,25,07/07/2026,14:44:49:670,2,00/00/0000,00:00:00:000,,38.903639,-77.007331,0.00,0,0.00,,,117,0,0,-92,-92,,,,,,,,0,0,,,,,,,,,,,,,,,,,,,
32409007,C00F,25,07/07/2026,14:46:10:541,2,00/00/0000,00:00:00:000,,38.903626,-77.007348,0.00,0,0.00,,,118,0,0,-99,-99,,,,,,,,0,0,,,,,,,,,,,,,,,,,,,
32409007,C00F,25,07/07/2026,14:46:10:541,2,00/00/0000,00:00:00:000,,38.903613,-77.007366,0.00,0,0.00,,,119,0,0,-99.6,-99.6,,,,,,,,0,0,,,,,,,,,,,,,,,,,,,
32409007,C00F,25,07/07/2026,14:46:10:541,2,00/00/0000,00:00:00:000,,38.903599,-77.007383,0.00,0,0.00,,,120,0,0,-101,-101,,,,,,,,0,0,,,,,,,,,,,,,,,,,,,
32409007,C00F,25,07/07/2026,14:46:10:541,2,00/00/0000,00:00:00:000,,38.903586,-77.007401,0.00,0,0.00,,,121,0,0,-100.2,-100.2,,,,,,,,0,0,,,,,,,,,,,,,,,,,,,
32409007,C00F,25,07/07/2026,14:47:34:398,2,00/00/0000,00:00:00:000,,38.903573,-77.007418,0.00,0,0.00,,,122,0,0,-100.1,-100.1,,,,,,,,0,0,,,,,,,,,,,,,,,,,,,
32409007,C00F,25,07/07/2026,14:47:34:399,2,00/00/0000,00:00:00:000,,38.903560,-77.007436,0.00,0,0.00,,,123,0,0,-98.7,-98.7,,,,,,,,0,0,,,,,,,,,,,,,,,,,,,
32409007,C00F,25,07/07/2026,14:47:34:399,2,00/00/0000,00:00:00:000,,38.903546,-77.007453,0.00,0,0.00,,,124,0,0,-99.2,-99.2,,,,,,,,0,0,,,,,,,,,,,,,,,,,,,
32409007,C00F,25,07/07/2026,14:47:34:399,2,00/00/0000,00:00:00:000,,38.903533,-77.007471,0.00,0,0.00,,,125,0,0,-100,-100,,,,,,,,0,0,,,,,,,,,,,,,,,,,,,
32409007,C00F,25,07/07/2026,14:48:57:781,2,00/00/0000,00:00:00:000,,38.903520,-77.007488,0.00,0,0.00,,,126,0,0,-100.9,-100.9,,,,,,,,0,0,,,,,,,,,,,,,,,,,,,
32409007,C00F,25,07/07/2026,14:48:57:781,2,00/00/0000,00:00:00:000,,38.903507,-77.007505,0.00,0,0.00,,,127,0,0,-96,-96,,,,,,,,0,0,,,,,,,,,,,,,,,,,,,
32409007,C00F,25,07/07/2026,14:48:57:781,2,00/00/0000,00:00:00:000,,38.903493,-77.007523,0.00,0,0.00,,,128,0,0,-96.2,-96.2,,,,,,,,0,0,,,,,,,,,,,,,,,,,,,
32409007,C00F,25,07/07/2026,14:48:57:781,2,00/00/0000,00:00:00:000,,38.903480,-77.007540,0.00,0,0.00,,,129,0,0,-95.1,-95.1,,,,,,,,0,0,,,,,,,,,,,,,,,,,,,
32409007,C00F,25,07/07/2026,14:50:23:257,2,00/00/0000,00:00:00:000,,38.903467,-77.007558,0.00,0,0.00,,,130,0,0,-100.3,-100.3,,,,,,,,0,0,,,,,,,,,,,,,,,,,,,
32409007,C00F,25,07/07/2026,14:50:23:257,2,00/00/0000,00:00:00:000,,38.903453,-77.007575,0.00,0,0.00,,,131,0,0,-100.2,-100.2,,,,,,,,0,0,,,,,,,,,,,,,,,,,,,
32409007,C00F,25,07/07/2026,14:50:23:257,2,00/00/0000,00:00:00:000,,38.903440,-77.007593,0.00,0,0.00,,,132,0,0,-100.1,-100.1,,,,,,,,0,0,,,,,,,,,,,,,,,,,,,
32409007,C00F,25,07/07/2026,14:50:23:257,2,00/00/0000,00:00:00:000,,38.903427,-77.007610,0.00,0,0.00,,,133,0,0,-100.2,-100.2,,,,,,,,0,0,,,,,,,,,,,,,,,,,,,
32409007,C00F,25,07/07/2026,14:51:42:411,2,00/00/0000,00:00:00:000,,38.903414,-77.007628,0.00,0,0.00,,,134,0,0,-97.2,-97.2,,,,,,,,0,0,,,,,,,,,,,,,,,,,,,
32409007,C00F,25,07/07/2026,14:51:42:411,2,00/00/0000,00:00:00:000,,38.903400,-77.007645,0.00,0,0.00,,,135,0,0,-101,-101,,,,,,,,0,0,,,,,,,,,,,,,,,,,,,
32409007,C00F,25,07/07/2026,14:51:42:412,2,00/00/0000,00:00:00:000,,38.903387,-77.007663,0.00,0,0.00,,,136,0,0,-98.2,-98.2,,,,,,,,0,0,,,,,,,,,,,,,,,,,,,
32409007,C00F,25,07/07/2026,14:51:42:412,2,00/00/0000,00:00:00:000,,38.903374,-77.007680,0.00,0,0.00,,,137,0,0,-94.3,-94.3,,,,,,,,0,0,,,,,,,,,,,,,,,,,,,
32409007,C00F,25,07/07/2026,15:33:16:156,2,00/00/0000,00:00:00:000,,38.903798,-77.007121,0.00,0,0.00,,,245,0,0,-97.4,-97.4,,,,,,,,0,0,,,,,,,,,,,,,,,,,,,
32409007,C00F,25,07/07/2026,15:33:16:157,2,00/00/0000,00:00:00:000,,38.903689,-77.007265,0.00,0,0.00,,,246,0,0,-97.6,-97.6,,,,,,,,0,0,,,,,,,,,,,,,,,,,,,
32409007,C00F,25,07/07/2026,15:33:16:157,2,00/00/0000,00:00:00:000,,38.903579,-77.007409,0.00,0,0.00,,,247,0,0,-99.6,-99.6,,,,,,,,0,0,,,,,,,,,,,,,,,,,,,
32409007,C00F,25,07/07/2026,15:33:16:157,2,00/00/0000,00:00:00:000,,38.903470,-77.007553,0.00,0,0.00,,,248,0,0,-99.3,-99.3,,,,,,,,0,0,,,,,,,,,,,,,,,,,,,
32409007,C00F,25,07/07/2026,15:34:41:626,2,00/00/0000,00:00:00:000,,38.903304,-77.007771,0.00,0,0.00,,,249,0,0,-99.6,-99.6,,,,,,,,0,0,,,,,,,,,,,,,,,,,,,
32409007,C00F,25,07/07/2026,15:34:41:626,2,00/00/0000,00:00:00:000,,38.903212,-77.007871,0.00,0,0.00,,,250,0,0,-99.3,-99.3,,,,,,,,0,0,,,,,,,,,,,,,,,,,,,
32409007,C00F,25,07/07/2026,15:34:41:626,2,00/00/0000,00:00:00:000,,38.903120,-77.007971,0.00,0,0.00,,,251,0,0,-100,-100,,,,,,,,0,0,,,,,,,,,,,,,,,,,,,
32409007,C00F,25,07/07/2026,15:34:41:626,2,00/00/0000,00:00:00:000,,38.903028,-77.008071,0.00,0,0.00,,,252,0,0,-96.5,-96.5,,,,,,,,0,0,,,,,,,,,,,,,,,,,,,
32409007,C00F,25,07/07/2026,15:36:07:115,2,00/00/0000,00:00:00:000,,38.902936,-77.008170,0.00,0,0.00,,,253,0,0,-89.3,-89.3,,,,,,,,0,0,,,,,,,,,,,,,,,,,,,
32409007,C00F,25,07/07/2026,15:36:07:115,2,00/00/0000,00:00:00:000,,38.903007,-77.008077,0.00,0,0.00,,,254,0,0,-89,-89,,,,,,,,0,0,,,,,,,,,,,,,,,,,,,
32409007,C00F,25,07/07/2026,15:36:07:115,2,00/00/0000,00:00:00:000,,38.903078,-77.007984,0.00,0,0.00,,,255,0,0,-85.8,-85.8,,,,,,,,0,0,,,,,,,,,,,,,,,,,,,
32409007,C00F,25,07/07/2026,15:36:07:115,2,00/00/0000,00:00:00:000,,38.903149,-77.007890,0.00,0,0.00,,,0,0,0,-89.2,-89.2,,,,,,,,0,0,,,,,,,,,,,,,,,,,,,
32409007,C00F,25,07/07/2026,15:37:34:687,2,00/00/0000,00:00:00:000,,38.903464,-77.007464,0.00,0,0.00,,,1,0,0,-99.1,-99.1,,,,,,,,0,0,,,,,,,,,,,,,,,,,,,
32409007,C00F,25,07/07/2026,15:37:34:687,2,00/00/0000,00:00:00:000,,38.903498,-77.007427,0.00,0,0.00,,,2,0,0,-94.9,-94.9,,,,,,,,0,0,,,,,,,,,,,,,,,,,,,
32409007,C00F,25,07/07/2026,15:37:34:687,2,00/00/0000,00:00:00:000,,38.903533,-77.007390,0.00,0,0.00,,,3,0,0,-97.6,-97.6,,,,,,,,0,0,,,,,,,,,,,,,,,,,,,
32409007,C00F,25,07/07/2026,15:37:34:687,2,00/00/0000,00:00:00:000,,38.903568,-77.007353,0.00,0,0.00,,,4,0,0,-97.9,-97.9,,,,,,,,0,0,,,,,,,,,,,,,,,,,,,
32409007,C00F,25,07/07/2026,15:39:00:407,2,00/00/0000,00:00:00:000,,38.903603,-77.007316,0.00,0,0.00,,,5,0,0,-92.7,-92.7,,,,,,,,0,0,,,,,,,,,,,,,,,,,,,
32409007,C00F,25,07/07/2026,15:39:00:407,2,00/00/0000,00:00:00:000,,38.903677,-77.007213,0.00,0,0.00,,,6,0,0,-93.7,-93.7,,,,,,,,0,0,,,,,,,,,,,,,,,,,,,
32409007,C00F,25,07/07/2026,15:39:00:407,2,00/00/0000,00:00:00:000,,38.903752,-77.007110,0.00,0,0.00,,,7,0,0,-90.1,-90.1,,,,,,,,0,0,,,,,,,,,,,,,,,,,,,
32409007,C00F,25,07/07/2026,15:39:00:407,2,00/00/0000,00:00:00:000,,38.903826,-77.007008,0.00,0,0.00,,,8,0,0,-88.1,-88.1,,,,,,,,0,0,,,,,,,,,,,,,,,,,,,
32409007,C00F,25,07/07/2026,15:40:29:688,2,00/00/0000,00:00:00:000,,38.904033,-77.006762,0.00,0,0.00,,,9,0,0,-96.2,-96.2,,,,,,,,0,0,,,,,,,,,,,,,,,,,,,
32409007,C00F,25,07/07/2026,15:40:29:688,2,00/00/0000,00:00:00:000,,38.903977,-77.006841,0.00,0,0.00,,,10,0,0,-99.1,-99.1,,,,,,,,0,0,,,,,,,,,,,,,,,,,,,
32409007,C00F,25,07/07/2026,15:40:29:688,2,00/00/0000,00:00:00:000,,38.903920,-77.006920,0.00,0,0.00,,,11,0,0,-99.5,-99.5,,,,,,,,0,0,,,,,,,,,,,,,,,,,,,
32409007,C00F,25,07/07/2026,15:40:29:688,2,00/00/0000,00:00:00:000,,38.903863,-77.006998,0.00,0,0.00,,,12,0,0,-98.7,-98.7,,,,,,,,0,0,,,,,,,,,,,,,,,,,,,
32409007,C00F,25,07/07/2026,15:41:46:271,2,00/00/0000,00:00:00:000,,38.903806,-77.007077,0.00,0,0.00,,,13,0,0,-100.1,-100.1,,,,,,,,0,0,,,,,,,,,,,,,,,,,,,
32409007,C00F,25,07/07/2026,15:41:46:271,2,00/00/0000,00:00:00:000,,38.903843,-77.007059,0.00,0,0.00,,,14,0,0,-99.5,-99.5,,,,,,,,0,0,,,,,,,,,,,,,,,,,,,
32409007,C00F,25,07/07/2026,15:41:46:271,2,00/00/0000,00:00:00:000,,38.903879,-77.007042,0.00,0,0.00,,,15,0,0,-95.6,-95.6,,,,,,,,0,0,,,,,,,,,,,,,,,,,,,
32409007,C00F,25,07/07/2026,15:41:46:271,2,00/00/0000,00:00:00:000,,38.903915,-77.007024,0.00,0,0.00,,,16,0,0,-97.8,-97.8,,,,,,,,0,0,,,,,,,,,,,,,,,,,,,
32409007,C00F,25,07/07/2026,15:43:22:536,2,00/00/0000,00:00:00:000,,38.903951,-77.007006,0.00,0,0.00,,,17,0,0,-67.7,-67.7,,,,,,,,0,0,,,,,,,,,,,,,,,,,,,
32409007,C00F,25,07/07/2026,15:43:22:536,2,00/00/0000,00:00:00:000,,38.904002,-77.006937,0.00,0,0.00,,,18,0,0,-89.3,-89.3,,,,,,,,0,0,,,,,,,,,,,,,,,,,,,
32409007,C00F,25,07/07/2026,15:43:22:536,2,00/00/0000,00:00:00:000,,38.904052,-77.006867,0.00,0,0.00,,,19,0,0,-88.3,-88.3,,,,,,,,0,0,,,,,,,,,,,,,,,,,,,
32409007,C00F,25,07/07/2026,15:43:22:537,2,00/00/0000,00:00:00:000,,38.904103,-77.006797,0.00,0,0.00,,,20,0,0,-72.3,-72.3,,,,,,,,0,0,,,,,,,,,,,,,,,,,,,
32409007,C00F,25,07/07/2026,15:45:01:436,2,00/00/0000,00:00:00:000,,38.904154,-77.006727,0.00,0,0.00,,,21,0,0,-66,-66,,,,,,,,0,0,,,,,,,,,,,,,,,,,,,
32409007,C00F,25,07/07/2026,15:46:33:210,2,00/00/0000,00:00:00:000,,38.904251,-77.006680,0.00,0,0.00,,,22,0,0,-98.4,-98.4,,,,,,,,0,0,,,,,,,,,,,,,,,,,,,
32409007,C00F,25,07/07/2026,15:46:33:210,2,00/00/0000,00:00:00:000,,38.904079,-77.006882,0.00,0,0.00,,,23,0,0,-101.9,-101.9,,,,,,,,0,0,,,,,,,,,,,,,,,,,,,
32409007,C00F,25,07/07/2026,15:46:33:210,2,00/00/0000,00:00:00:000,,38.903907,-77.007083,0.00,0,0.00,,,24,0,0,-97.3,-97.3,,,,,,,,0,0,,,,,,,,,,,,,,,,,,,
32409007,C00F,25,07/07/2026,15:46:33:210,2,00/00/0000,00:00:00:000,,38.903735,-77.007285,0.00,0,0.00,,,25,0,0,-99.4,-99.4,,,,,,,,0,0,,,,,,,,,,,,,,,,,,,
32409007,C00F,25,07/07/2026,15:47:57:443,2,00/00/0000,00:00:00:000,,38.903395,-77.007683,0.00,0,0.00,,,26,0,0,-98.5,-98.5,,,,,,,,0,0,,,,,,,,,,,,,,,,,,,
32409007,C00F,25,07/07/2026,15:47:57:443,2,00/00/0000,00:00:00:000,,38.903246,-77.007888,0.00,0,0.00,,,27,0,0,-100.5,-100.5,,,,,,,,0,0,,,,,,,,,,,,,,,,,,,
32409007,C00F,25,07/07/2026,15:47:57:443,2,00/00/0000,00:00:00:000,,38.903098,-77.008092,0.00,0,0.00,,,28,0,0,-100.2,-100.2,,,,,,,,0,0,,,,,,,,,,,,,,,,,,,
32409007,C00F,25,07/07/2026,15:47:57:443,2,00/00/0000,00:00:00:000,,38.902949,-77.008297,0.00,0,0.00,,,29,0,0,-100.6,-100.6,,,,,,,,0,0,,,,,,,,,,,,,,,,,,,
32409007,C00F,25,07/07/2026,15:49:28:381,2,00/00/0000,00:00:00:000,,38.903263,-77.007828,0.00,0,0.00,,,30,0,0,-94.3,-94.3,,,,,,,,0,0,,,,,,,,,,,,,,,,,,,
32409007,C00F,25,07/07/2026,15:49:28:381,2,00/00/0000,00:00:00:000,,38.903233,-77.007858,0.00,0,0.00,,,31,0,0,-98,-98,,,,,,,,0,0,,,,,,,,,,,,,,,,,,,
32409007,C00F,25,07/07/2026,15:49:28:381,2,00/00/0000,00:00:00:000,,38.903203,-77.007888,0.00,0,0.00,,,32,0,0,-98.2,-98.2,,,,,,,,0,0,,,,,,,,,,,,,,,,,,,
32409007,C00F,25,07/07/2026,15:49:28:381,2,00/00/0000,00:00:00:000,,38.903173,-77.007918,0.00,0,0.00,,,33,0,0,-92.3,-92.3,,,,,,,,0,0,,,,,,,,,,,,,,,,,,,
32409007,C00F,25,07/07/2026,15:50:58:497,2,00/00/0000,00:00:00:000,,38.902989,-77.008204,0.00,0,0.00,,,34,0,0,-92.4,-92.4,,,,,,,,0,0,,,,,,,,,,,,,,,,,,,
32409007,C00F,25,07/07/2026,15:50:58:497,2,00/00/0000,00:00:00:000,,38.902927,-77.008267,0.00,0,0.00,,,35,0,0,-90.4,-90.4,,,,,,,,0,0,,,,,,,,,,,,,,,,,,,
32409007,C00F,25,07/07/2026,15:50:58:497,2,00/00/0000,00:00:00:000,,38.902865,-77.008330,0.00,0,0.00,,,36,0,0,-92.8,-92.8,,,,,,,,0,0,,,,,,,,,,,,,,,,,,,
32409007,C00F,25,07/07/2026,15:50:58:497,2,00/00/0000,00:00:00:000,,38.902804,-77.008393,0.00,0,0.00,,,37,0,0,-89.7,-89.7,,,,,,,,0,0,,,,,,,,,,,,,,,,,,,
32409007,C00F,25,07/07/2026,15:52:36:624,2,00/00/0000,00:00:00:000,,38.902391,-77.008938,0.00,0,0.00,,,38,0,0,-88.8,-88.8,,,,,,,,0,0,,,,,,,,,,,,,,,,,,,
32409007,C00F,25,07/07/2026,15:52:36:624,2,00/00/0000,00:00:00:000,,38.902358,-77.008972,0.00,0,0.00,,,39,0,0,-90.5,-90.5,,,,,,,,0,0,,,,,,,,,,,,,,,,,,,
32409007,C00F,25,07/07/2026,15:52:36:624,2,00/00/0000,00:00:00:000,,38.902325,-77.009006,0.00,0,0.00,,,40,0,0,-85.3,-85.3,,,,,,,,0,0,,,,,,,,,,,,,,,,,,,
32409007,C00F,25,07/07/2026,15:52:36:624,2,00/00/0000,00:00:00:000,,38.902293,-77.009041,0.00,0,0.00,,,41,0,0,-90.5,-90.5,,,,,,,,0,0,,,,,,,,,,,,,,,,,,,
32409007,C00F,25,07/07/2026,15:54:00:016,2,00/00/0000,00:00:00:000,,38.902260,-77.009075,0.00,0,0.00,,,42,0,0,-93,-93,,,,,,,,0,0,,,,,,,,,,,,,,,,,,,
32409007,C00F,25,07/07/2026,15:54:00:017,2,00/00/0000,00:00:00:000,,38.902403,-77.008877,0.00,0,0.00,,,43,0,0,-98.7,-98.7,,,,,,,,0,0,,,,,,,,,,,,,,,,,,,
32409007,C00F,25,07/07/2026,15:54:00:017,2,00/00/0000,00:00:00:000,,38.902547,-77.008679,0.00,0,0.00,,,44,0,0,-98.7,-98.7,,,,,,,,0,0,,,,,,,,,,,,,,,,,,,
32409007,C00F,25,07/07/2026,15:54:00:017,2,00/00/0000,00:00:00:000,,38.902690,-77.008481,0.00,0,0.00,,,45,0,0,-94.9,-94.9,,,,,,,,0,0,,,,,,,,,,,,,,,,,,,
32409007,C00F,25,07/07/2026,15:55:25:894,2,00/00/0000,00:00:00:000,,38.902834,-77.008284,0.00,0,0.00,,,46,0,0,-97,-97,,,,,,,,0,0,,,,,,,,,,,,,,,,,,,
32409007,C00F,25,07/07/2026,15:56:46:781,2,00/00/0000,00:00:00:000,,38.902616,-77.008524,0.00,0,0.00,,,47,0,0,-97.4,-97.4,,,,,,,,0,0,,,,,,,,,,,,,,,,,,,
32409007,C00F,25,07/07/2026,15:56:46:782,2,00/00/0000,00:00:00:000,,38.902616,-77.008524,0.00,0,0.00,,,48,0,0,-94.6,-94.6,,,,,,,,0,0,,,,,,,,,,,,,,,,,,,
32409007,C00F,25,07/07/2026,15:56:46:782,2,00/00/0000,00:00:00:000,,38.902616,-77.008524,0.00,0,0.00,,,49,0,0,-96.9,-96.9,,,,,,,,0,0,,,,,,,,,,,,,,,,,,,
32409007,C00F,25,07/07/2026,15:56:46:782,2,00/00/0000,00:00:00:000,,38.902616,-77.008524,0.00,0,0.00,,,50,0,0,-94.6,-94.6,,,,,,,,0,0,,,,,,,,,,,,,,,,,,,
32409007,C00F,25,07/07/2026,15:58:13:842,2,00/00/0000,00:00:00:000,,38.902617,-77.008524,0.00,0,0.00,,,51,0,0,-86.1,-86.1,,,,,,,,0,0,,,,,,,,,,,,,,,,,,,
32409007,C00F,25,07/07/2026,15:59:34:510,2,00/00/0000,00:00:00:000,,38.902617,-77.008524,0.00,0,0.00,,,52,0,0,-95.4,-95.4,,,,,,,,0,0,,,,,,,,,,,,,,,,,,,
32409007,C00F,25,07/07/2026,15:59:34:510,2,00/00/0000,00:00:00:000,,38.902617,-77.008523,0.00,0,0.00,,,53,0,0,-95.7,-95.7,,,,,,,,0,0,,,,,,,,,,,,,,,,,,,
32409007,C00F,25,07/07/2026,15:59:34:510,2,00/00/0000,00:00:00:000,,38.902617,-77.008523,0.00,0,0.00,,,54,0,0,-97.7,-97.7,,,,,,,,0,0,,,,,,,,,,,,,,,,,,,
32409007,C00F,25,07/07/2026,15:59:34:510,2,00/00/0000,00:00:00:000,,38.902617,-77.008523,0.00,0,0.00,,,55,0,0,-93.5,-93.5,,,,,,,,0,0,,,,,,,,,,,,,,,,,,,
32409007,C00F,25,07/07/2026,16:01:03:550,2,00/00/0000,00:00:00:000,,38.902617,-77.008523,0.00,0,0.00,,,56,0,0,-71.6,-71.6,,,,,,,,0,0,,,,,,,,,,,,,,,,,,,
32409007,C00F,25,07/07/2026,16:02:27:358,2,00/00/0000,00:00:00:000,,38.902617,-77.008523,0.00,0,0.00,,,57,0,0,-97.7,-97.7,,,,,,,,0,0,,,,,,,,,,,,,,,,,,,
32409007,C00F,25,07/07/2026,16:02:27:358,2,00/00/0000,00:00:00:000,,38.902617,-77.008523,0.00,0,0.00,,,58,0,0,-97.1,-97.1,,,,,,,,0,0,,,,,,,,,,,,,,,,,,,
32409007,C00F,25,07/07/2026,16:02:27:358,2,00/00/0000,00:00:00:000,,38.902617,-77.008523,0.00,0,0.00,,,59,0,0,-98.4,-98.4,,,,,,,,0,0,,,,,,,,,,,,,,,,,,,
32409007,C00F,25,07/07/2026,16:02:27:358,2,00/00/0000,00:00:00:000,,38.902618,-77.008523,0.00,0,0.00,,,60,0,0,-99.3,-99.3,,,,,,,,0,0,,,,,,,,,,,,,,,,,,,
32409007,C00F,25,07/07/2026,16:03:52:683,2,00/00/0000,00:00:00:000,,38.902618,-77.008523,0.00,0,0.00,,,61,0,0,-100.5,-100.5,,,,,,,,0,0,,,,,,,,,,,,,,,,,,,
32409007,C00F,25,07/07/2026,16:03:52:684,2,00/00/0000,00:00:00:000,,38.902618,-77.008523,0.00,0,0.00,,,62,0,0,-101,-101,,,,,,,,0,0,,,,,,,,,,,,,,,,,,,
32409007,C00F,25,07/07/2026,16:03:52:684,2,00/00/0000,00:00:00:000,,38.902618,-77.008523,0.00,0,0.00,,,63,0,0,-95.8,-95.8,,,,,,,,0,0,,,,,,,,,,,,,,,,,,,
32409007,C00F,25,07/07/2026,16:03:52:684,2,00/00/0000,00:00:00:000,,38.902618,-77.008523,0.00,0,0.00,,,64,0,0,-101.3,-101.3,,,,,,,,0,0,,,,,,,,,,,,,,,,,,,
32409007,C00F,25,07/07/2026,16:05:16:671,2,00/00/0000,00:00:00:000,,38.902618,-77.008522,0.00,0,0.00,,,65,0,0,-69.2,-69.2,,,,,,,,0,0,,,,,,,,,,,,,,,,,,,
32409007,C00F,25,07/07/2026,16:06:40:641,2,00/00/0000,00:00:00:000,,38.902618,-77.008522,0.00,0,0.00,,,66,0,0,-98.7,-98.7,,,,,,,,0,0,,,,,,,,,,,,,,,,,,,
32409007,C00F,25,07/07/2026,16:06:40:641,2,00/00/0000,00:00:00:000,,38.902618,-77.008522,0.00,0,0.00,,,67,0,0,-99.4,-99.4,,,,,,,,0,0,,,,,,,,,,,,,,,,,,,
32409007,C00F,25,07/07/2026,16:06:40:641,2,00/00/0000,00:00:00:000,,38.902619,-77.008522,0.00,0,0.00,,,68,0,0,-100.9,-100.9,,,,,,,,0,0,,,,,,,,,,,,,,,,,,,
32409007,C00F,25,07/07/2026,16:06:40:641,2,00/00/0000,00:00:00:000,,38.902619,-77.008522,0.00,0,0.00,,,69,0,0,-100.5,-100.5,,,,,,,,0,0,,,,,,,,,,,,,,,,,,,
32409007,C00F,25,07/07/2026,16:08:02:215,2,00/00/0000,00:00:00:000,,38.902619,-77.008522,0.00,0,0.00,,,70,0,0,-83.1,-83.1,,,,,,,,0,0,,,,,,,,,,,,,,,,,,,
32409007,C00F,25,07/07/2026,16:09:28:198,2,00/00/0000,00:00:00:000,,38.902619,-77.008522,0.00,0,0.00,,,71,0,0,-79.3,-79.3,,,,,,,,0,0,,,,,,,,,,,,,,,,,,,
32409007,C00F,25,07/07/2026,16:09:28:199,2,00/00/0000,00:00:00:000,,38.902497,-77.008695,0.00,0,0.00,,,72,0,0,-77.7,-77.7,,,,,,,,0,0,,,,,,,,,,,,,,,,,,,
32409007,C00F,25,07/07/2026,16:09:28:199,2,00/00/0000,00:00:00:000,,38.902376,-77.008867,0.00,0,0.00,,,73,0,0,-74.4,-74.4,,,,,,,,0,0,,,,,,,,,,,,,,,,,,,
32409007,C00F,25,07/07/2026,16:09:28:199,2,00/00/0000,00:00:00:000,,38.902255,-77.009040,0.00,0,0.00,,,74,0,0,-77.3,-77.3,,,,,,,,0,0,,,,,,,,,,,,,,,,,,,
32409007,C00F,25,07/07/2026,16:10:55:718,2,00/00/0000,00:00:00:000,,38.902217,-77.009048,0.00,0,0.00,,,75,0,0,-98.9,-98.9,,,,,,,,0,0,,,,,,,,,,,,,,,,,,,
32409007,C00F,25,07/07/2026,16:10:55:718,2,00/00/0000,00:00:00:000,,38.902277,-77.008955,0.00,0,0.00,,,76,0,0,-97.1,-97.1,,,,,,,,0,0,,,,,,,,,,,,,,,,,,,
32409007,C00F,25,07/07/2026,16:10:55:718,2,00/00/0000,00:00:00:000,,38.902338,-77.008863,0.00,0,0.00,,,77,0,0,-98,-98,,,,,,,,0,0,,,,,,,,,,,,,,,,,,,
32409007,C00F,25,07/07/2026,16:10:55:718,2,00/00/0000,00:00:00:000,,38.902398,-77.008771,0.00,0,0.00,,,78,0,0,-97.1,-97.1,,,,,,,,0,0,,,,,,,,,,,,,,,,,,,
32409007,C00F,25,07/07/2026,16:12:25:721,2,00/00/0000,00:00:00:000,,38.902737,-77.008330,0.00,0,0.00,,,79,0,0,-56,-56,,,,,,,,0,0,,,,,,,,,,,,,,,,,,,
32409007,C00F,25,07/07/2026,16:12:25:721,2,00/00/0000,00:00:00:000,,38.902835,-77.008200,0.00,0,0.00,,,80,0,0,-56.1,-56.1,,,,,,,,0,0,,,,,,,,,,,,,,,,,,,
32409007,C00F,25,07/07/2026,16:12:25:721,2,00/00/0000,00:00:00:000,,38.902934,-77.008071,0.00,0,0.00,,,81,0,0,-69.2,-69.2,,,,,,,,0,0,,,,,,,,,,,,,,,,,,,
32409007,C00F,25,07/07/2026,16:12:25:721,2,00/00/0000,00:00:00:000,,38.903033,-77.007942,0.00,0,0.00,,,82,0,0,-69,-69,,,,,,,,0,0,,,,,,,,,,,,,,,,,,,
32409007,C00F,25,07/07/2026,16:13:51:154,2,00/00/0000,00:00:00:000,,38.902897,-77.008075,0.00,0,0.00,,,83,0,0,-93.3,-93.3,,,,,,,,0,0,,,,,,,,,,,,,,,,,,,
32409007,C00F,25,07/07/2026,16:13:51:154,2,00/00/0000,00:00:00:000,,38.902984,-77.007958,0.00,0,0.00,,,84,0,0,-94.9,-94.9,,,,,,,,0,0,,,,,,,,,,,,,,,,,,,
32409007,C00F,25,07/07/2026,16:13:51:154,2,00/00/0000,00:00:00:000,,38.903071,-77.007840,0.00,0,0.00,,,85,0,0,-96.9,-96.9,,,,,,,,0,0,,,,,,,,,,,,,,,,,,,
32409007,C00F,25,07/07/2026,16:13:51:154,2,00/00/0000,00:00:00:000,,38.903157,-77.007723,0.00,0,0.00,,,86,0,0,-94.1,-94.1,,,,,,,,0,0,,,,,,,,,,,,,,,,,,,
32409007,C00F,25,07/07/2026,16:15:19:539,2,00/00/0000,00:00:00:000,,38.902897,-77.008154,0.00,0,0.00,,,87,0,0,-98.4,-98.4,,,,,,,,0,0,,,,,,,,,,,,,,,,,,,
32409007,C00F,25,07/07/2026,16:17:01:509,2,00/00/0000,00:00:00:000,,38.903691,-77.007057,0.00,0,0.00,,,88,0,0,-63.5,-63.5,,,,,,,,0,0,,,,,,,,,,,,,,,,,,,
32409007,C00F,25,07/07/2026,16:17:01:509,2,00/00/0000,00:00:00:000,,38.903691,-77.007056,0.00,0,0.00,,,89,0,0,-85.9,-85.9,,,,,,,,0,0,,,,,,,,,,,,,,,,,,,
32409007,C00F,25,07/07/2026,16:17:01:509,2,00/00/0000,00:00:00:000,,38.903692,-77.007055,0.00,0,0.00,,,90,0,0,-84.1,-84.1,,,,,,,,0,0,,,,,,,,,,,,,,,,,,,
32409007,C00F,25,07/07/2026,16:17:01:509,2,00/00/0000,00:00:00:000,,38.903693,-77.007054,0.00,0,0.00,,,91,0,0,-80.5,-80.5,,,,,,,,0,0,,,,,,,,,,,,,,,,,,,
32409007,C00F,25,07/07/2026,16:18:44:721,2,00/00/0000,00:00:00:000,,38.903694,-77.007053,0.00,0,0.00,,,92,0,0,-66,-66,,,,,,,,0,0,,,,,,,,,,,,,,,,,,,
32409007,C00F,25,07/07/2026,16:18:44:722,2,00/00/0000,00:00:00:000,,38.903695,-77.007052,0.00,0,0.00,,,93,0,0,-84.8,-84.8,,,,,,,,0,0,,,,,,,,,,,,,,,,,,,
32409007,C00F,25,07/07/2026,16:18:44:722,2,00/00/0000,00:00:00:000,,38.903695,-77.007051,0.00,0,0.00,,,94,0,0,-78.1,-78.1,,,,,,,,0,0,,,,,,,,,,,,,,,,,,,
32409007,C00F,25,07/07/2026,16:18:44:722,2,00/00/0000,00:00:00:000,,38.903696,-77.007049,0.00,0,0.00,,,95,0,0,-87.1,-87.1,,,,,,,,0,0,,,,,,,,,,,,,,,,,,,
32409007,C00F,25,07/07/2026,16:20:20:416,2,00/00/0000,00:00:00:000,,38.903697,-77.007048,0.00,0,0.00,,,96,0,0,-83.5,-83.5,,,,,,,,0,0,,,,,,,,,,,,,,,,,,,
32409007,C00F,25,07/07/2026,16:20:20:416,2,00/00/0000,00:00:00:000,,38.903698,-77.007047,0.00,0,0.00,,,97,0,0,-84,-84,,,,,,,,0,0,,,,,,,,,,,,,,,,,,,
32409007,C00F,25,07/07/2026,16:20:20:416,2,00/00/0000,00:00:00:000,,38.903699,-77.007046,0.00,0,0.00,,,98,0,0,-84.3,-84.3,,,,,,,,0,0,,,,,,,,,,,,,,,,,,,
32409007,C00F,25,07/07/2026,16:20:20:416,2,00/00/0000,00:00:00:000,,38.903700,-77.007045,0.00,0,0.00,,,99,0,0,-85,-85,,,,,,,,0,0,,,,,,,,,,,,,,,,,,,
32409007,C00F,25,07/07/2026,16:22:00:973,2,00/00/0000,00:00:00:000,,38.903700,-77.007044,0.00,0,0.00,,,100,0,0,-83.7,-83.7,,,,,,,,0,0,,,,,,,,,,,,,,,,,,,
32409007,C00F,25,07/07/2026,16:22:00:973,2,00/00/0000,00:00:00:000,,38.903701,-77.007042,0.00,0,0.00,,,101,0,0,-79.1,-79.1,,,,,,,,0,0,,,,,,,,,,,,,,,,,,,
32409007,C00F,25,07/07/2026,16:22:00:973,2,00/00/0000,00:00:00:000,,38.903702,-77.007041,0.00,0,0.00,,,102,0,0,-85,-85,,,,,,,,0,0,,,,,,,,,,,,,,,,,,,
32409007,C00F,25,07/07/2026,16:22:00:973,2,00/00/0000,00:00:00:000,,38.903703,-77.007040,0.00,0,0.00,,,103,0,0,-88,-88,,,,,,,,0,0,,,,,,,,,,,,,,,,,,,
32409007,C00F,25,07/07/2026,16:23:37:882,2,00/00/0000,00:00:00:000,,38.903704,-77.007039,0.00,0,0.00,,,104,0,0,-84,-84,,,,,,,,0,0,,,,,,,,,,,,,,,,,,,
32409007,C00F,25,07/07/2026,16:23:37:882,2,00/00/0000,00:00:00:000,,38.903677,-77.007065,0.00,0,0.00,,,105,0,0,-86.7,-86.7,,,,,,,,0,0,,,,,,,,,,,,,,,,,,,
32409007,C00F,25,07/07/2026,16:23:37:883,2,00/00/0000,00:00:00:000,,38.903651,-77.007092,0.00,0,0.00,,,106,0,0,-90.5,-90.5,,,,,,,,0,0,,,,,,,,,,,,,,,,,,,
32409007,C00F,25,07/07/2026,16:23:37:883,2,00/00/0000,00:00:00:000,,38.903625,-77.007118,0.00,0,0.00,,,107,0,0,-83.5,-83.5,,,,,,,,0,0,,,,,,,,,,,,,,,,,,,
32409007,C00F,25,07/07/2026,16:25:07:045,2,00/00/0000,00:00:00:000,,38.903056,-77.007891,0.00,0,0.00,,,108,0,0,-94.3,-94.3,,,,,,,,0,0,,,,,,,,,,,,,,,,,,,
32409007,C00F,25,07/07/2026,16:25:07:045,2,00/00/0000,00:00:00:000,,38.903225,-77.007690,0.00,0,0.00,,,109,0,0,-97.7,-97.7,,,,,,,,0,0,,,,,,,,,,,,,,,,,,,
32409007,C00F,25,07/07/2026,16:25:07:045,2,00/00/0000,00:00:00:000,,38.903395,-77.007489,0.00,0,0.00,,,110,0,0,-91.3,-91.3,,,,,,,,0,0,,,,,,,,,,,,,,,,,,,
32409007,C00F,25,07/07/2026,16:25:07:046,2,00/00/0000,00:00:00:000,,38.903564,-77.007288,0.00,0,0.00,,,111,0,0,-98.1,-98.1,,,,,,,,0,0,,,,,,,,,,,,,,,,,,,
32409007,C00F,25,07/07/2026,16:26:45:958,2,00/00/0000,00:00:00:000,,38.904082,-77.006613,0.00,0,0.00,,,112,0,0,-101.5,-101.5,,,,,,,,0,0,,,,,,,,,,,,,,,,,,,
32409007,C00F,25,07/07/2026,16:26:45:959,2,00/00/0000,00:00:00:000,,38.904082,-77.006613,0.00,0,0.00,,,113,0,0,-101.1,-101.1,,,,,,,,0,0,,,,,,,,,,,,,,,,,,,
32409007,C00F,25,07/07/2026,16:26:45:959,2,00/00/0000,00:00:00:000,,38.904082,-77.006613,0.00,0,0.00,,,114,0,0,-101.1,-101.1,,,,,,,,0,0,,,,,,,,,,,,,,,,,,,
32409007,C00F,25,07/07/2026,16:26:45:959,2,00/00/0000,00:00:00:000,,38.904082,-77.006613,0.00,0,0.00,,,115,0,0,-102.8,-102.8,,,,,,,,0,0,,,,,,,,,,,,,,,,,,,
32409007,C00F,25,07/07/2026,16:28:20:187,2,00/00/0000,00:00:00:000,,38.904082,-77.006613,0.00,0,0.00,,,116,0,0,-102.2,-102.2,,,,,,,,0,0,,,,,,,,,,,,,,,,,,,
32409007,C00F,25,07/07/2026,16:28:20:187,2,00/00/0000,00:00:00:000,,38.904082,-77.006613,0.00,0,0.00,,,117,0,0,-102,-102,,,,,,,,0,0,,,,,,,,,,,,,,,,,,,
32409007,C00F,25,07/07/2026,16:28:20:187,2,00/00/0000,00:00:00:000,,38.904082,-77.006613,0.00,0,0.00,,,118,0,0,-101.4,-101.4,,,,,,,,0,0,,,,,,,,,,,,,,,,,,,
32409007,C00F,25,07/07/2026,16:28:20:187,2,00/00/0000,00:00:00:000,,38.904082,-77.006613,0.00,0,0.00,,,119,0,0,-102.3,-102.3,,,,,,,,0,0,,,,,,,,,,,,,,,,,,,
32409007,C00F,25,07/07/2026,16:29:55:335,2,00/00/0000,00:00:00:000,,38.904082,-77.006613,0.00,0,0.00,,,120,0,0,-100.9,-100.9,,,,,,,,0,0,,,,,,,,,,,,,,,,,,,
32409007,C00F,25,07/07/2026,16:29:55:335,2,00/00/0000,00:00:00:000,,38.904061,-77.006644,0.00,0,0.00,,,121,0,0,-101.4,-101.4,,,,,,,,0,0,,,,,,,,,,,,,,,,,,,
32409007,C00F,25,07/07/2026,16:29:55:335,2,00/00/0000,00:00:00:000,,38.904040,-77.006674,0.00,0,0.00,,,122,0,0,-101.3,-101.3,,,,,,,,0,0,,,,,,,,,,,,,,,,,,,
32409007,C00F,25,07/07/2026,16:29:55:335,2,00/00/0000,00:00:00:000,,38.904020,-77.006705,0.00,0,0.00,,,123,0,0,-102.4,-102.4,,,,,,,,0,0,,,,,,,,,,,,,,,,,,,
32409007,C00F,25,07/07/2026,16:31:35:826,2,00/00/0000,00:00:00:000,,38.903999,-77.006735,0.00,0,0.00,,,124,0,0,-101.8,-101.8,,,,,,,,0,0,,,,,,,,,,,,,,,,,,,
32409007,C00F,25,07/07/2026,16:31:35:826,2,00/00/0000,00:00:00:000,,38.903979,-77.006765,0.00,0,0.00,,,125,0,0,-102.4,-102.4,,,,,,,,0,0,,,,,,,,,,,,,,,,,,,
32409007,C00F,25,07/07/2026,16:31:35:826,2,00/00/0000,00:00:00:000,,38.903958,-77.006796,0.00,0,0.00,,,126,0,0,-100.1,-100.1,,,,,,,,0,0,,,,,,,,,,,,,,,,,,,
32409007,C00F,25,07/07/2026,16:31:35:826,2,00/00/0000,00:00:00:000,,38.903938,-77.006826,0.00,0,0.00,,,127,0,0,-102.5,-102.5,,,,,,,,0,0,,,,,,,,,,,,,,,,,,,
32409007,C00F,25,07/07/2026,16:33:16:632,2,00/00/0000,00:00:00:000,,38.903917,-77.006857,0.00,0,0.00,,,128,0,0,-100.4,-100.4,,,,,,,,0,0,,,,,,,,,,,,,,,,,,,
32409007,C00F,25,07/07/2026,16:33:16:632,2,00/00/0000,00:00:00:000,,38.903955,-77.006801,0.00,0,0.00,,,129,0,0,-100.3,-100.3,,,,,,,,0,0,,,,,,,,,,,,,,,,,,,
32409007,C00F,25,07/07/2026,16:33:16:632,2,00/00/0000,00:00:00:000,,38.903993,-77.006745,0.00,0,0.00,,,130,0,0,-100.2,-100.2,,,,,,,,0,0,,,,,,,,,,,,,,,,,,,
32409007,C00F,25,07/07/2026,16:33:16:632,2,00/00/0000,00:00:00:000,,38.904030,-77.006689,0.00,0,0.00,,,131,0,0,-101.4,-101.4,,,,,,,,0,0,,,,,,,,,,,,,,,,,,,
32409007,C00F,25,07/07/2026,16:34:49:737,2,00/00/0000,00:00:00:000,,38.904068,-77.006633,0.00,0,0.00,,,132,0,0,-74,-74,,,,,,,,0,0,,,,,,,,,,,,,,,,,,,
32409007,C00F,25,07/07/2026,16:36:28:503,2,00/00/0000,00:00:00:000,,38.904084,-77.006601,0.00,0,0.00,,,133,0,0,-101.3,-101.3,,,,,,,,0,0,,,,,,,,,,,,,,,,,,,
32409007,C00F,25,07/07/2026,16:36:28:503,2,00/00/0000,00:00:00:000,,38.904017,-77.006690,0.00,0,0.00,,,134,0,0,-101.7,-101.7,,,,,,,,0,0,,,,,,,,,,,,,,,,,,,
32409007,C00F,25,07/07/2026,16:36:28:503,2,00/00/0000,00:00:00:000,,38.903949,-77.006780,0.00,0,0.00,,,135,0,0,-101.4,-101.4,,,,,,,,0,0,,,,,,,,,,,,,,,,,,,
32409007,C00F,25,07/07/2026,16:36:28:504,2,00/00/0000,00:00:00:000,,38.903882,-77.006869,0.00,0,0.00,,,136,0,0,-102.3,-102.3,,,,,,,,0,0,,,,,,,,,,,,,,,,,,,
32409007,C00F,25,07/07/2026,16:38:10:303,2,00/00/0000,00:00:00:000,,38.903814,-77.006959,0.00,0,0.00,,,137,0,0,-95.2,-95.2,,,,,,,,0,0,,,,,,,,,,,,,,,,,,,
32409007,C00F,25,07/07/2026,16:38:10:303,2,00/00/0000,00:00:00:000,,38.903715,-77.007097,0.00,0,0.00,,,138,0,0,-98.7,-98.7,,,,,,,,0,0,,,,,,,,,,,,,,,,,,,
32409007,C00F,25,07/07/2026,16:38:10:303,2,00/00/0000,00:00:00:000,,38.903616,-77.007235,0.00,0,0.00,,,139,0,0,-99.3,-99.3,,,,,,,,0,0,,,,,,,,,,,,,,,,,,,
32409007,C00F,25,07/07/2026,16:38:10:303,2,00/00/0000,00:00:00:000,,38.903517,-77.007374,0.00,0,0.00,,,140,0,0,-100.5,-100.5,,,,,,,,0,0,,,,,,,,,,,,,,,,,,,
32409007,C00F,25,07/07/2026,16:39:51:703,2,00/00/0000,00:00:00:000,,38.903418,-77.007512,0.00,0,0.00,,,141,0,0,-97,-97,,,,,,,,0,0,,,,,,,,,,,,,,,,,,,
32409007,C00F,25,07/07/2026,16:39:51:703,2,00/00/0000,00:00:00:000,,38.903544,-77.007330,0.00,0,0.00,,,142,0,0,-94.9,-94.9,,,,,,,,0,0,,,,,,,,,,,,,,,,,,,
32409007,C00F,25,07/07/2026,16:39:51:703,2,00/00/0000,00:00:00:000,,38.903670,-77.007147,0.00,0,0.00,,,143,0,0,-96.2,-96.2,,,,,,,,0,0,,,,,,,,,,,,,,,,,,,
32409007,C00F,25,07/07/2026,16:39:51:703,2,00/00/0000,00:00:00:000,,38.903796,-77.006965,0.00,0,0.00,,,144,0,0,-95.9,-95.9,,,,,,,,0,0,,,,,,,,,,,,,,,,,,,
32409007,C00F,25,07/07/2026,16:41:25:767,2,00/00/0000,00:00:00:000,,38.903542,-77.007285,0.00,0,0.00,,,145,0,0,-80.1,-80.1,,,,,,,,0,0,,,,,,,,,,,,,,,,,,,
32409007,C00F,25,07/07/2026,16:41:25:767,2,00/00/0000,00:00:00:000,,38.903460,-77.007398,0.00,0,0.00,,,146,0,0,-70.2,-70.2,,,,,,,,0,0,,,,,,,,,,,,,,,,,,,
32409007,C00F,25,07/07/2026,16:41:25:767,2,00/00/0000,00:00:00:000,,38.903378,-77.007510,0.00,0,0.00,,,147,0,0,-84.4,-84.4,,,,,,,,0,0,,,,,,,,,,,,,,,,,,,
32409007,C00F,25,07/07/2026,16:41:25:767,2,00/00/0000,00:00:00:000,,38.903296,-77.007623,0.00,0,0.00,,,148,0,0,-87.6,-87.6,,,,,,,,0,0,,,,,,,,,,,,,,,,,,,
32409007,C00F,25,07/07/2026,16:42:52:341,2,00/00/0000,00:00:00:000,,38.903214,-77.007735,0.00,0,0.00,,,149,0,0,-65.7,-65.7,,,,,,,,0,0,,,,,,,,,,,,,,,,,,,
32409007,C00F,25,07/07/2026,16:42:52:342,2,00/00/0000,00:00:00:000,,38.903214,-77.007735,0.00,0,0.00,,,150,0,0,-71.8,-71.8,,,,,,,,0,0,,,,,,,,,,,,,,,,,,,
32409007,C00F,25,07/07/2026,16:42:52:342,2,00/00/0000,00:00:00:000,,38.903214,-77.007735,0.00,0,0.00,,,151,0,0,-64.4,-64.4,,,,,,,,0,0,,,,,,,,,,,,,,,,,,,
32409007,C00F,25,07/07/2026,16:42:52:342,2,00/00/0000,00:00:00:000,,38.903214,-77.007735,0.00,0,0.00,,,152,0,0,-67.6,-67.6,,,,,,,,0,0,,,,,,,,,,,,,,,,,,,
32409007,C00F,25,07/07/2026,16:44:30:170,2,00/00/0000,00:00:00:000,,38.903214,-77.007735,0.00,0,0.00,,,153,0,0,-88.4,-88.4,,,,,,,,0,0,,,,,,,,,,,,,,,,,,,
32409007,C00F,25,07/07/2026,16:44:30:170,2,00/00/0000,00:00:00:000,,38.903214,-77.007735,0.00,0,0.00,,,154,0,0,-84.8,-84.8,,,,,,,,0,0,,,,,,,,,,,,,,,,,,,
32409007,C00F,25,07/07/2026,16:44:30:170,2,00/00/0000,00:00:00:000,,38.903214,-77.007735,0.00,0,0.00,,,155,0,0,-85.9,-85.9,,,,,,,,0,0,,,,,,,,,,,,,,,,,,,
32409007,C00F,25,07/07/2026,16:44:30:170,2,00/00/0000,00:00:00:000,,38.903214,-77.007735,0.00,0,0.00,,,156,0,0,-82.8,-82.8,,,,,,,,0,0,,,,,,,,,,,,,,,,,,,
32409007,C00F,25,07/07/2026,16:46:09:429,2,00/00/0000,00:00:00:000,,38.903214,-77.007735,0.00,0,0.00,,,157,0,0,-86.5,-86.5,,,,,,,,0,0,,,,,,,,,,,,,,,,,,,
32409007,C00F,25,07/07/2026,16:46:09:429,2,00/00/0000,00:00:00:000,,38.903214,-77.007735,0.00,0,0.00,,,158,0,0,-89.7,-89.7,,,,,,,,0,0,,,,,,,,,,,,,,,,,,,
32409007,C00F,25,07/07/2026,16:46:09:429,2,00/00/0000,00:00:00:000,,38.903214,-77.007735,0.00,0,0.00,,,159,0,0,-87,-87,,,,,,,,0,0,,,,,,,,,,,,,,,,,,,
32409007,C00F,25,07/07/2026,16:46:09:429,2,00/00/0000,00:00:00:000,,38.903214,-77.007735,0.00,0,0.00,,,160,0,0,-86.1,-86.1,,,,,,,,0,0,,,,,,,,,,,,,,,,,,,
